CBM_Type,Training_Mode,Alpha,k,Run,Leakage,Warning,num_sim,n,d
soft,joint,0.01,25,1,0.051338021002804046,False,15,10000,1000
soft,joint,0.01,25,2,0.09613552545825033,False,15,10000,1000
soft,joint,0.01,25,3,0.05803350241616312,False,15,10000,1000
soft,joint,0.01,25,4,0.07519025306094851,False,15,10000,1000
soft,joint,0.01,25,5,0.07219145828867335,False,15,10000,1000
soft,joint,0.01,25,6,0.08328542663763128,False,15,10000,1000
soft,joint,0.01,25,7,0.08344505053161666,False,15,10000,1000
soft,joint,0.01,25,8,0.02835641630290109,False,15,10000,1000
soft,joint,0.01,25,9,0.07258536008538541,False,15,10000,1000
soft,joint,0.01,25,10,0.09037373749161803,False,15,10000,1000
soft,joint,0.01,25,11,0.0868008970950791,False,15,10000,1000
soft,joint,0.01,25,12,0.05595825535053689,False,15,10000,1000
soft,joint,0.01,25,13,0.09395482399299904,False,15,10000,1000
soft,joint,0.01,25,14,0.07788939506827619,False,15,10000,1000
soft,joint,0.01,25,15,0.04953036472335448,False,15,10000,1000
soft,joint,0.01,50,1,0.04672699741695796,False,15,10000,1000
soft,joint,0.01,50,2,0.0966743115129105,False,15,10000,1000
soft,joint,0.01,50,3,0.09588969998725116,False,15,10000,1000
soft,joint,0.01,50,4,0.07801675189443613,False,15,10000,1000
soft,joint,0.01,50,5,0.08334850391570758,False,15,10000,1000
soft,joint,0.01,50,6,0.07496350674316998,False,15,10000,1000
soft,joint,0.01,50,7,0.08593752212271544,False,15,10000,1000
soft,joint,0.01,50,8,0.10628499902252764,False,15,10000,1000
soft,joint,0.01,50,9,0.07505024384376524,False,15,10000,1000
soft,joint,0.01,50,10,0.08608802542383631,False,15,10000,1000
soft,joint,0.01,50,11,0.05249792428237021,False,15,10000,1000
soft,joint,0.01,50,12,0.08350175493236955,False,15,10000,1000
soft,joint,0.01,50,13,0.09173007649752485,False,15,10000,1000
soft,joint,0.01,50,14,0.08288553200214266,False,15,10000,1000
soft,joint,0.01,50,15,0.10258355690497356,False,15,10000,1000
soft,joint,0.01,75,1,0.07921565603596759,False,15,10000,1000
soft,joint,0.01,75,2,0.037566043045589526,False,15,10000,1000
soft,joint,0.01,75,3,0.09361988168589486,False,15,10000,1000
soft,joint,0.01,75,4,0.08480591113101887,False,15,10000,1000
soft,joint,0.01,75,5,0.060468427759830634,False,15,10000,1000
soft,joint,0.01,75,6,0.07599902863345176,False,15,10000,1000
soft,joint,0.01,75,7,0.08298756801529716,False,15,10000,1000
soft,joint,0.01,75,8,0.07450283080396125,False,15,10000,1000
soft,joint,0.01,75,9,0.06063249344029442,False,15,10000,1000
soft,joint,0.01,75,10,0.08574396259613182,False,15,10000,1000
soft,joint,0.01,75,11,0.05941548676459196,False,15,10000,1000
soft,joint,0.01,75,12,0.07144163907905532,False,15,10000,1000
soft,joint,0.01,75,13,0.06165159087927519,False,15,10000,1000
soft,joint,0.01,75,14,0.08064488378645485,False,15,10000,1000
soft,joint,0.01,75,15,0.08005087741833528,False,15,10000,1000
soft,joint,0.01,100,1,0.07095284404452307,False,15,10000,1000
soft,joint,0.01,100,2,0.051082580579882686,False,15,10000,1000
soft,joint,0.01,100,3,0.07794077379071829,False,15,10000,1000
soft,joint,0.01,100,4,0.08662330095257742,False,15,10000,1000
soft,joint,0.01,100,5,0.07911808043202884,False,15,10000,1000
soft,joint,0.01,100,6,0.07335718504144495,False,15,10000,1000
soft,joint,0.01,100,7,0.0719261901530297,False,15,10000,1000
soft,joint,0.01,100,8,0.07785954999545108,False,15,10000,1000
soft,joint,0.01,100,9,0.07452865913011952,False,15,10000,1000
soft,joint,0.01,100,10,0.08586432335351457,False,15,10000,1000
soft,joint,0.01,100,11,0.09986020678872154,False,15,10000,1000
soft,joint,0.01,100,12,0.0775159926682707,False,15,10000,1000
soft,joint,0.01,100,13,0.09142357605961116,False,15,10000,1000
soft,joint,0.01,100,14,0.08256607385466586,False,15,10000,1000
soft,joint,0.01,100,15,0.060451222648363334,False,15,10000,1000
soft,joint,0.01,125,1,0.08111470250299813,False,15,10000,1000
soft,joint,0.01,125,2,0.0790187220158931,False,15,10000,1000
soft,joint,0.01,125,3,0.08873691936668049,False,15,10000,1000
soft,joint,0.01,125,4,0.0830302167534771,False,15,10000,1000
soft,joint,0.01,125,5,0.05682767303956693,False,15,10000,1000
soft,joint,0.01,125,6,0.07753463773608082,False,15,10000,1000
soft,joint,0.01,125,7,0.08401812098645522,False,15,10000,1000
soft,joint,0.01,125,8,0.08366690753049744,False,15,10000,1000
soft,joint,0.01,125,9,0.08214019293268815,False,15,10000,1000
soft,joint,0.01,125,10,0.08221860843111939,False,15,10000,1000
soft,joint,0.01,125,11,0.08418734307538034,False,15,10000,1000
soft,joint,0.01,125,12,0.08690643631491457,False,15,10000,1000
soft,joint,0.01,125,13,0.07748334003943147,False,15,10000,1000
soft,joint,0.01,125,14,0.07461177944032471,False,15,10000,1000
soft,joint,0.01,125,15,0.0753319850399321,False,15,10000,1000
soft,joint,0.01,150,1,0.07727823101041076,False,15,10000,1000
soft,joint,0.01,150,2,0.10149518392128076,False,15,10000,1000
soft,joint,0.01,150,3,0.06249960638217078,False,15,10000,1000
soft,joint,0.01,150,4,0.08035284886962035,False,15,10000,1000
soft,joint,0.01,150,5,0.09615400133632335,False,15,10000,1000
soft,joint,0.01,150,6,0.07529855673862906,False,15,10000,1000
soft,joint,0.01,150,7,0.08355062775285038,False,15,10000,1000
soft,joint,0.01,150,8,0.09748498187203447,False,15,10000,1000
soft,joint,0.01,150,9,0.08298752012062027,False,15,10000,1000
soft,joint,0.01,150,10,0.0965984656585066,False,15,10000,1000
soft,joint,0.01,150,11,0.07807251220611366,False,15,10000,1000
soft,joint,0.01,150,12,0.09238599332403075,False,15,10000,1000
soft,joint,0.01,150,13,0.09252527507531405,False,15,10000,1000
soft,joint,0.01,150,14,0.08320313365572973,False,15,10000,1000
soft,joint,0.01,150,15,0.0676072473532805,False,15,10000,1000
soft,joint,0.025,25,1,0.049783966358389886,False,15,10000,1000
soft,joint,0.025,25,2,0.08963268525240764,False,15,10000,1000
soft,joint,0.025,25,3,0.05709160322754947,False,15,10000,1000
soft,joint,0.025,25,4,0.07708099049949868,False,15,10000,1000
soft,joint,0.025,25,5,0.07264751932244451,False,15,10000,1000
soft,joint,0.025,25,6,0.0884216884702933,False,15,10000,1000
soft,joint,0.025,25,7,0.09014677827259199,False,15,10000,1000
soft,joint,0.025,25,8,0.02788593890707669,False,15,10000,1000
soft,joint,0.025,25,9,0.0685662827840594,False,15,10000,1000
soft,joint,0.025,25,10,0.09157794068294178,False,15,10000,1000
soft,joint,0.025,25,11,0.0904678851963745,False,15,10000,1000
soft,joint,0.025,25,12,0.052311607499900825,False,15,10000,1000
soft,joint,0.025,25,13,0.09046995952446224,False,15,10000,1000
soft,joint,0.025,25,14,0.07250971163107867,False,15,10000,1000
soft,joint,0.025,25,15,0.047341664814719575,False,15,10000,1000
soft,joint,0.025,50,1,0.047059952224634216,False,15,10000,1000
soft,joint,0.025,50,2,0.09653439759151938,False,15,10000,1000
soft,joint,0.025,50,3,0.0931014314830263,False,15,10000,1000
soft,joint,0.025,50,4,0.07635668835777687,False,15,10000,1000
soft,joint,0.025,50,5,0.0834199188315552,False,15,10000,1000
soft,joint,0.025,50,6,0.07185884215805816,False,15,10000,1000
soft,joint,0.025,50,7,0.08319236479448189,False,15,10000,1000
soft,joint,0.025,50,8,0.09481354553028543,False,15,10000,1000
soft,joint,0.025,50,9,0.07246458363402408,False,15,10000,1000
soft,joint,0.025,50,10,0.08706553415925944,False,15,10000,1000
soft,joint,0.025,50,11,0.053618085856435904,False,15,10000,1000
soft,joint,0.025,50,12,0.07723219666992831,False,15,10000,1000
soft,joint,0.025,50,13,0.08761185487507284,False,15,10000,1000
soft,joint,0.025,50,14,0.08459169391065235,False,15,10000,1000
soft,joint,0.025,50,15,0.10252219780135818,False,15,10000,1000
soft,joint,0.025,75,1,0.07704991481814294,False,15,10000,1000
soft,joint,0.025,75,2,0.038247329020339116,False,15,10000,1000
soft,joint,0.025,75,3,0.09130386699354509,False,15,10000,1000
soft,joint,0.025,75,4,0.07631272054733951,False,15,10000,1000
soft,joint,0.025,75,5,0.0632972467011137,False,15,10000,1000
soft,joint,0.025,75,6,0.0727705780408252,False,15,10000,1000
soft,joint,0.025,75,7,0.08195136819107018,False,15,10000,1000
soft,joint,0.025,75,8,0.07023629509429807,False,15,10000,1000
soft,joint,0.025,75,9,0.060606015330803675,False,15,10000,1000
soft,joint,0.025,75,10,0.0903846881182011,False,15,10000,1000
soft,joint,0.025,75,11,0.05481787882525513,False,15,10000,1000
soft,joint,0.025,75,12,0.06808157328482944,False,15,10000,1000
soft,joint,0.025,75,13,0.06276887496530814,False,15,10000,1000
soft,joint,0.025,75,14,0.0745212506572619,False,15,10000,1000
soft,joint,0.025,75,15,0.0766874158339721,False,15,10000,1000
soft,joint,0.025,100,1,0.073777137521579,False,15,10000,1000
soft,joint,0.025,100,2,0.050444095570598035,False,15,10000,1000
soft,joint,0.025,100,3,0.07522936350571441,False,15,10000,1000
soft,joint,0.025,100,4,0.08370308493938894,False,15,10000,1000
soft,joint,0.025,100,5,0.07486182957705956,False,15,10000,1000
soft,joint,0.025,100,6,0.06505220149924207,False,15,10000,1000
soft,joint,0.025,100,7,0.07026798301969728,False,15,10000,1000
soft,joint,0.025,100,8,0.0727697253665065,False,15,10000,1000
soft,joint,0.025,100,9,0.07102789978516766,False,15,10000,1000
soft,joint,0.025,100,10,0.08916519556151514,False,15,10000,1000
soft,joint,0.025,100,11,0.09520728121589617,False,15,10000,1000
soft,joint,0.025,100,12,0.07738671751746318,False,15,10000,1000
soft,joint,0.025,100,13,0.0882126715045195,False,15,10000,1000
soft,joint,0.025,100,14,0.08079835078947273,False,15,10000,1000
soft,joint,0.025,100,15,0.05496237805158932,False,15,10000,1000
soft,joint,0.025,125,1,0.07908285754305688,False,15,10000,1000
soft,joint,0.025,125,2,0.07084618386482333,False,15,10000,1000
soft,joint,0.025,125,3,0.08481100671093267,False,15,10000,1000
soft,joint,0.025,125,4,0.08258691258931128,False,15,10000,1000
soft,joint,0.025,125,5,0.05627155584617194,False,15,10000,1000
soft,joint,0.025,125,6,0.07558968559847501,False,15,10000,1000
soft,joint,0.025,125,7,0.08138931426455409,False,15,10000,1000
soft,joint,0.025,125,8,0.07934101548396089,False,15,10000,1000
soft,joint,0.025,125,9,0.08512119691573417,False,15,10000,1000
soft,joint,0.025,125,10,0.08019462127979837,False,15,10000,1000
soft,joint,0.025,125,11,0.08013703621591306,False,15,10000,1000
soft,joint,0.025,125,12,0.08250694805145198,False,15,10000,1000
soft,joint,0.025,125,13,0.07345067427496788,False,15,10000,1000
soft,joint,0.025,125,14,0.08028005438329933,False,15,10000,1000
soft,joint,0.025,125,15,0.07401420668921399,False,15,10000,1000
soft,joint,0.025,150,1,0.07439540366742103,False,15,10000,1000
soft,joint,0.025,150,2,0.09174415926151291,False,15,10000,1000
soft,joint,0.025,150,3,0.062264961487216386,False,15,10000,1000
soft,joint,0.025,150,4,0.0762245110692017,False,15,10000,1000
soft,joint,0.025,150,5,0.09740920745262827,False,15,10000,1000
soft,joint,0.025,150,6,0.07407255249783806,False,15,10000,1000
soft,joint,0.025,150,7,0.07471442437350317,False,15,10000,1000
soft,joint,0.025,150,8,0.09077428040821567,False,15,10000,1000
soft,joint,0.025,150,9,0.0851407543882916,False,15,10000,1000
soft,joint,0.025,150,10,0.09089546589053676,False,15,10000,1000
soft,joint,0.025,150,11,0.0699524450699156,False,15,10000,1000
soft,joint,0.025,150,12,0.08844229588913666,False,15,10000,1000
soft,joint,0.025,150,13,0.08571365117247787,False,15,10000,1000
soft,joint,0.025,150,14,0.08194988471749376,False,15,10000,1000
soft,joint,0.025,150,15,0.06227337892221074,False,15,10000,1000
soft,joint,0.05,25,1,0.04066030279425781,False,15,10000,1000
soft,joint,0.05,25,2,0.08138489742797184,False,15,10000,1000
soft,joint,0.05,25,3,0.05031548584544665,False,15,10000,1000
soft,joint,0.05,25,4,0.07344332681210397,False,15,10000,1000
soft,joint,0.05,25,5,0.06516154278293329,False,15,10000,1000
soft,joint,0.05,25,6,0.0812846495048003,False,15,10000,1000
soft,joint,0.05,25,7,0.07752254764010291,False,15,10000,1000
soft,joint,0.05,25,8,0.025914215854944134,False,15,10000,1000
soft,joint,0.05,25,9,0.0655657277398185,False,15,10000,1000
soft,joint,0.05,25,10,0.08241308460958074,False,15,10000,1000
soft,joint,0.05,25,11,0.08084462242137258,False,15,10000,1000
soft,joint,0.05,25,12,0.04953965807164051,False,15,10000,1000
soft,joint,0.05,25,13,0.08512149358590326,False,15,10000,1000
soft,joint,0.05,25,14,0.06941690665861189,False,15,10000,1000
soft,joint,0.05,25,15,0.046017241732681846,False,15,10000,1000
soft,joint,0.05,50,1,0.038589329602699785,False,15,10000,1000
soft,joint,0.05,50,2,0.08728579854282725,False,15,10000,1000
soft,joint,0.05,50,3,0.08532535398902352,False,15,10000,1000
soft,joint,0.05,50,4,0.06983784521723302,False,15,10000,1000
soft,joint,0.05,50,5,0.07734246414404322,False,15,10000,1000
soft,joint,0.05,50,6,0.06895740206113521,False,15,10000,1000
soft,joint,0.05,50,7,0.07687738607596017,False,15,10000,1000
soft,joint,0.05,50,8,0.09180214565814637,False,15,10000,1000
soft,joint,0.05,50,9,0.0669310059495265,False,15,10000,1000
soft,joint,0.05,50,10,0.08040944746169876,False,15,10000,1000
soft,joint,0.05,50,11,0.04643651218640854,False,15,10000,1000
soft,joint,0.05,50,12,0.07309913834594162,False,15,10000,1000
soft,joint,0.05,50,13,0.07797234391682473,False,15,10000,1000
soft,joint,0.05,50,14,0.0735604055422594,False,15,10000,1000
soft,joint,0.05,50,15,0.09034058182320703,False,15,10000,1000
soft,joint,0.05,75,1,0.06658733212355195,False,15,10000,1000
soft,joint,0.05,75,2,0.028343330379674958,False,15,10000,1000
soft,joint,0.05,75,3,0.07633866608165074,False,15,10000,1000
soft,joint,0.05,75,4,0.07322754323362757,False,15,10000,1000
soft,joint,0.05,75,5,0.05035410926337791,False,15,10000,1000
soft,joint,0.05,75,6,0.06940780629256782,False,15,10000,1000
soft,joint,0.05,75,7,0.06713761938707474,False,15,10000,1000
soft,joint,0.05,75,8,0.061030061982603634,False,15,10000,1000
soft,joint,0.05,75,9,0.05263748072440011,False,15,10000,1000
soft,joint,0.05,75,10,0.07804764900181849,False,15,10000,1000
soft,joint,0.05,75,11,0.04569051852869377,False,15,10000,1000
soft,joint,0.05,75,12,0.06039740420258011,False,15,10000,1000
soft,joint,0.05,75,13,0.05249939962451333,False,15,10000,1000
soft,joint,0.05,75,14,0.06606481497426642,False,15,10000,1000
soft,joint,0.05,75,15,0.069286313110825,False,15,10000,1000
soft,joint,0.05,100,1,0.058694914688904865,False,15,10000,1000
soft,joint,0.05,100,2,0.04028697333164133,False,15,10000,1000
soft,joint,0.05,100,3,0.06539520070273941,False,15,10000,1000
soft,joint,0.05,100,4,0.07348781499468404,False,15,10000,1000
soft,joint,0.05,100,5,0.0614503062669578,False,15,10000,1000
soft,joint,0.05,100,6,0.059420322758861,False,15,10000,1000
soft,joint,0.05,100,7,0.061327758328391324,False,15,10000,1000
soft,joint,0.05,100,8,0.06337392222268634,False,15,10000,1000
soft,joint,0.05,100,9,0.06888406821864157,False,15,10000,1000
soft,joint,0.05,100,10,0.07186084028839845,False,15,10000,1000
soft,joint,0.05,100,11,0.07789213704620979,False,15,10000,1000
soft,joint,0.05,100,12,0.0642355264631631,False,15,10000,1000
soft,joint,0.05,100,13,0.06932440688852104,False,15,10000,1000
soft,joint,0.05,100,14,0.06977948951938728,False,15,10000,1000
soft,joint,0.05,100,15,0.0429978438318781,False,15,10000,1000
soft,joint,0.05,125,1,0.06728766379798001,False,15,10000,1000
soft,joint,0.05,125,2,0.053805424751405484,False,15,10000,1000
soft,joint,0.05,125,3,0.06631200763020151,False,15,10000,1000
soft,joint,0.05,125,4,0.06710013218603672,False,15,10000,1000
soft,joint,0.05,125,5,0.0444068069116037,False,15,10000,1000
soft,joint,0.05,125,6,0.06480732995975513,False,15,10000,1000
soft,joint,0.05,125,7,0.07323949898778892,False,15,10000,1000
soft,joint,0.05,125,8,0.06333502322054652,False,15,10000,1000
soft,joint,0.05,125,9,0.06422648946590281,False,15,10000,1000
soft,joint,0.05,125,10,0.06682355553202135,False,15,10000,1000
soft,joint,0.05,125,11,0.06294103784704741,False,15,10000,1000
soft,joint,0.05,125,12,0.06994599674968383,False,15,10000,1000
soft,joint,0.05,125,13,0.06507082330242042,False,15,10000,1000
soft,joint,0.05,125,14,0.06923321015257766,False,15,10000,1000
soft,joint,0.05,125,15,0.05908629933713527,False,15,10000,1000
soft,joint,0.05,150,1,0.05749224484172788,False,15,10000,1000
soft,joint,0.05,150,2,0.07137439698245562,False,15,10000,1000
soft,joint,0.05,150,3,0.049912816098778734,False,15,10000,1000
soft,joint,0.05,150,4,0.06325043284003007,False,15,10000,1000
soft,joint,0.05,150,5,0.07813683460903453,False,15,10000,1000
soft,joint,0.05,150,6,0.059618004356256415,False,15,10000,1000
soft,joint,0.05,150,7,0.06332853299075447,False,15,10000,1000
soft,joint,0.05,150,8,0.07311211559548147,False,15,10000,1000
soft,joint,0.05,150,9,0.0689998569041248,False,15,10000,1000
soft,joint,0.05,150,10,0.07109186722196914,False,15,10000,1000
soft,joint,0.05,150,11,0.06329858063011451,False,15,10000,1000
soft,joint,0.05,150,12,0.07561370929281153,False,15,10000,1000
soft,joint,0.05,150,13,0.06781713311379511,False,15,10000,1000
soft,joint,0.05,150,14,0.06217643565939879,False,15,10000,1000
soft,joint,0.05,150,15,0.04865220758631139,False,15,10000,1000
soft,joint,0.075,25,1,0.030908178140534925,False,15,10000,1000
soft,joint,0.075,25,2,0.07469252598453813,False,15,10000,1000
soft,joint,0.075,25,3,0.04105959796724479,False,15,10000,1000
soft,joint,0.075,25,4,0.06767318691217938,False,15,10000,1000
soft,joint,0.075,25,5,0.04981350704469789,False,15,10000,1000
soft,joint,0.075,25,6,0.06734488179412157,False,15,10000,1000
soft,joint,0.075,25,7,0.06737182019852028,False,15,10000,1000
soft,joint,0.075,25,8,0.02103511152675752,False,15,10000,1000
soft,joint,0.075,25,9,0.052665046861010145,False,15,10000,1000
soft,joint,0.075,25,10,0.0688315481999695,False,15,10000,1000
soft,joint,0.075,25,11,0.062220719049246975,False,15,10000,1000
soft,joint,0.075,25,12,0.03984689783524531,False,15,10000,1000
soft,joint,0.075,25,13,0.07256942335054561,False,15,10000,1000
soft,joint,0.075,25,14,0.05808650227179202,False,15,10000,1000
soft,joint,0.075,25,15,0.034204882743678056,False,15,10000,1000
soft,joint,0.075,50,1,0.0264202472213384,False,15,10000,1000
soft,joint,0.075,50,2,0.06235312829924644,False,15,10000,1000
soft,joint,0.075,50,3,0.07026413160718126,False,15,10000,1000
soft,joint,0.075,50,4,0.05419818871858406,False,15,10000,1000
soft,joint,0.075,50,5,0.06312216199655385,False,15,10000,1000
soft,joint,0.075,50,6,0.05240565267631969,False,15,10000,1000
soft,joint,0.075,50,7,0.06807551975793702,False,15,10000,1000
soft,joint,0.075,50,8,0.07029466981293075,False,15,10000,1000
soft,joint,0.075,50,9,0.05737375299989611,False,15,10000,1000
soft,joint,0.075,50,10,0.06242450204127392,False,15,10000,1000
soft,joint,0.075,50,11,0.0401426315877913,False,15,10000,1000
soft,joint,0.075,50,12,0.05798289823757341,False,15,10000,1000
soft,joint,0.075,50,13,0.061963838078049616,False,15,10000,1000
soft,joint,0.075,50,14,0.05440554896063121,False,15,10000,1000
soft,joint,0.075,50,15,0.07346638704967301,False,15,10000,1000
soft,joint,0.075,75,1,0.053219838697182276,False,15,10000,1000
soft,joint,0.075,75,2,0.023170548821084047,False,15,10000,1000
soft,joint,0.075,75,3,0.054845064514243536,False,15,10000,1000
soft,joint,0.075,75,4,0.05367200747855505,False,15,10000,1000
soft,joint,0.075,75,5,0.04328446035534994,False,15,10000,1000
soft,joint,0.075,75,6,0.06197707239145078,False,15,10000,1000
soft,joint,0.075,75,7,0.0613013412805401,False,15,10000,1000
soft,joint,0.075,75,8,0.04322939533995429,False,15,10000,1000
soft,joint,0.075,75,9,0.03993088818205437,False,15,10000,1000
soft,joint,0.075,75,10,0.05966643167448282,False,15,10000,1000
soft,joint,0.075,75,11,0.031594975612109444,False,15,10000,1000
soft,joint,0.075,75,12,0.04251067143396314,False,15,10000,1000
soft,joint,0.075,75,13,0.03819352869737491,False,15,10000,1000
soft,joint,0.075,75,14,0.04700025247186623,False,15,10000,1000
soft,joint,0.075,75,15,0.0577243873140727,False,15,10000,1000
soft,joint,0.075,100,1,0.047634827791234624,False,15,10000,1000
soft,joint,0.075,100,2,0.029262063067503563,False,15,10000,1000
soft,joint,0.075,100,3,0.04673100915063433,False,15,10000,1000
soft,joint,0.075,100,4,0.058412052271317405,False,15,10000,1000
soft,joint,0.075,100,5,0.049319870733023574,False,15,10000,1000
soft,joint,0.075,100,6,0.04580699180600556,False,15,10000,1000
soft,joint,0.075,100,7,0.04349114166826973,False,15,10000,1000
soft,joint,0.075,100,8,0.051784290938516664,False,15,10000,1000
soft,joint,0.075,100,9,0.05032188381725344,False,15,10000,1000
soft,joint,0.075,100,10,0.05381150042328131,False,15,10000,1000
soft,joint,0.075,100,11,0.04988833695966388,False,15,10000,1000
soft,joint,0.075,100,12,0.054359432363748184,False,15,10000,1000
soft,joint,0.075,100,13,0.04950472585655685,False,15,10000,1000
soft,joint,0.075,100,14,0.053595473286874196,False,15,10000,1000
soft,joint,0.075,100,15,0.028722965548853452,False,15,10000,1000
soft,joint,0.075,125,1,0.0457615740650712,False,15,10000,1000
soft,joint,0.075,125,2,0.03143495009946062,False,15,10000,1000
soft,joint,0.075,125,3,0.04798104860211949,False,15,10000,1000
soft,joint,0.075,125,4,0.042751385294105715,False,15,10000,1000
soft,joint,0.075,125,5,0.03177819587331632,False,15,10000,1000
soft,joint,0.075,125,6,0.054010924600879084,False,15,10000,1000
soft,joint,0.075,125,7,0.0543487566350338,False,15,10000,1000
soft,joint,0.075,125,8,0.04149453603570641,False,15,10000,1000
soft,joint,0.075,125,9,0.04633809582973791,False,15,10000,1000
soft,joint,0.075,125,10,0.049737717847372576,False,15,10000,1000
soft,joint,0.075,125,11,0.05070462312557922,False,15,10000,1000
soft,joint,0.075,125,12,0.050566766859990064,False,15,10000,1000
soft,joint,0.075,125,13,0.05115292308249475,False,15,10000,1000
soft,joint,0.075,125,14,0.05013388259500107,False,15,10000,1000
soft,joint,0.075,125,15,0.03830187930782536,False,15,10000,1000
soft,joint,0.075,150,1,0.037247318133023066,False,15,10000,1000
soft,joint,0.075,150,2,0.048368478614764454,False,15,10000,1000
soft,joint,0.075,150,3,0.03683273361624706,False,15,10000,1000
soft,joint,0.075,150,4,0.04566013999323659,False,15,10000,1000
soft,joint,0.075,150,5,0.056666157368385095,False,15,10000,1000
soft,joint,0.075,150,6,0.045499697548516016,False,15,10000,1000
soft,joint,0.075,150,7,0.0382665439851928,False,15,10000,1000
soft,joint,0.075,150,8,0.04710536008466759,False,15,10000,1000
soft,joint,0.075,150,9,0.04246508090403944,False,15,10000,1000
soft,joint,0.075,150,10,0.03807679520600615,False,15,10000,1000
soft,joint,0.075,150,11,0.044307906411155784,False,15,10000,1000
soft,joint,0.075,150,12,0.05966018094344294,False,15,10000,1000
soft,joint,0.075,150,13,0.04886135235945832,False,15,10000,1000
soft,joint,0.075,150,14,0.03834033400334946,False,15,10000,1000
soft,joint,0.075,150,15,0.03608509006292815,False,15,10000,1000
soft,joint,0.1,25,1,0.01954675264258321,False,15,10000,1000
soft,joint,0.1,25,2,0.049527123723336786,False,15,10000,1000
soft,joint,0.1,25,3,0.031768962363107445,False,15,10000,1000
soft,joint,0.1,25,4,0.0512533678995859,False,15,10000,1000
soft,joint,0.1,25,5,0.042758128533829654,False,15,10000,1000
soft,joint,0.1,25,6,0.054712263958458296,False,15,10000,1000
soft,joint,0.1,25,7,0.0444006843923479,False,15,10000,1000
soft,joint,0.1,25,8,0.011732760721263613,False,15,10000,1000
soft,joint,0.1,25,9,0.035601645689580685,False,15,10000,1000
soft,joint,0.1,25,10,0.045825399549869195,False,15,10000,1000
soft,joint,0.1,25,11,0.049541242838767596,False,15,10000,1000
soft,joint,0.1,25,12,0.02304635996370341,False,15,10000,1000
soft,joint,0.1,25,13,0.058584754587800436,False,15,10000,1000
soft,joint,0.1,25,14,0.04619487770231778,False,15,10000,1000
soft,joint,0.1,25,15,0.028072644999710183,False,15,10000,1000
soft,joint,0.1,50,1,0.02270504649368621,False,15,10000,1000
soft,joint,0.1,50,2,0.047330483941284696,False,15,10000,1000
soft,joint,0.1,50,3,0.05066883462440197,False,15,10000,1000
soft,joint,0.1,50,4,0.038982544207281755,False,15,10000,1000
soft,joint,0.1,50,5,0.04681919820897207,False,15,10000,1000
soft,joint,0.1,50,6,0.03988910748911079,False,15,10000,1000
soft,joint,0.1,50,7,0.05270744334395405,False,15,10000,1000
soft,joint,0.1,50,8,0.04829761439810554,False,15,10000,1000
soft,joint,0.1,50,9,0.04334750154798672,False,15,10000,1000
soft,joint,0.1,50,10,0.04477756444367542,False,15,10000,1000
soft,joint,0.1,50,11,0.029391237239174695,False,15,10000,1000
soft,joint,0.1,50,12,0.044092257093236054,False,15,10000,1000
soft,joint,0.1,50,13,0.04417248541579166,False,15,10000,1000
soft,joint,0.1,50,14,0.04066852504759688,False,15,10000,1000
soft,joint,0.1,50,15,0.05263220658113754,False,15,10000,1000
soft,joint,0.1,75,1,0.04147642916851613,False,15,10000,1000
soft,joint,0.1,75,2,0.014235216658856631,False,15,10000,1000
soft,joint,0.1,75,3,0.0394031200506344,False,15,10000,1000
soft,joint,0.1,75,4,0.03948745318942137,False,15,10000,1000
soft,joint,0.1,75,5,0.03490331964184823,False,15,10000,1000
soft,joint,0.1,75,6,0.04613048979290446,False,15,10000,1000
soft,joint,0.1,75,7,0.044374430361734385,False,15,10000,1000
soft,joint,0.1,75,8,0.03529277599723524,False,15,10000,1000
soft,joint,0.1,75,9,0.030171174937703382,False,15,10000,1000
soft,joint,0.1,75,10,0.039308305365987284,False,15,10000,1000
soft,joint,0.1,75,11,0.025028551448641023,False,15,10000,1000
soft,joint,0.1,75,12,0.03290196993061967,False,15,10000,1000
soft,joint,0.1,75,13,0.02682613662654454,False,15,10000,1000
soft,joint,0.1,75,14,0.024787164140236406,False,15,10000,1000
soft,joint,0.1,75,15,0.043704879579226086,False,15,10000,1000
soft,joint,0.1,100,1,0.034463838946270586,False,15,10000,1000
soft,joint,0.1,100,2,0.019308238152694113,False,15,10000,1000
soft,joint,0.1,100,3,0.03238230566416345,False,15,10000,1000
soft,joint,0.1,100,4,0.03932621786995827,False,15,10000,1000
soft,joint,0.1,100,5,0.035709292456930886,False,15,10000,1000
soft,joint,0.1,100,6,0.037247927500414946,False,15,10000,1000
soft,joint,0.1,100,7,0.028798689384391007,False,15,10000,1000
soft,joint,0.1,100,8,0.029801042743837547,False,15,10000,1000
soft,joint,0.1,100,9,0.03802807873154701,False,15,10000,1000
soft,joint,0.1,100,10,0.03281931114503367,False,15,10000,1000
soft,joint,0.1,100,11,0.02759790189222855,False,15,10000,1000
soft,joint,0.1,100,12,0.040062693037326236,False,15,10000,1000
soft,joint,0.1,100,13,0.030226517952971488,False,15,10000,1000
soft,joint,0.1,100,14,0.04083152077294416,False,15,10000,1000
soft,joint,0.1,100,15,0.016474820558603387,False,15,10000,1000
soft,joint,0.1,125,1,0.022883200967554362,False,15,10000,1000
soft,joint,0.1,125,2,0.017133308880890263,False,15,10000,1000
soft,joint,0.1,125,3,0.025252931014306368,False,15,10000,1000
soft,joint,0.1,125,4,0.03316477873461632,False,15,10000,1000
soft,joint,0.1,125,5,0.021912116082169364,False,15,10000,1000
soft,joint,0.1,125,6,0.038792942418752085,False,15,10000,1000
soft,joint,0.1,125,7,0.03766528059894725,False,15,10000,1000
soft,joint,0.1,125,8,0.030009457442010445,False,15,10000,1000
soft,joint,0.1,125,9,0.025297116863421287,False,15,10000,1000
soft,joint,0.1,125,10,0.03234322037994586,False,15,10000,1000
soft,joint,0.1,125,11,0.03270140292710644,False,15,10000,1000
soft,joint,0.1,125,12,0.030712345082928083,False,15,10000,1000
soft,joint,0.1,125,13,0.04036811431825216,False,15,10000,1000
soft,joint,0.1,125,14,0.03373000799114534,False,15,10000,1000
soft,joint,0.1,125,15,0.021684135935363003,False,15,10000,1000
soft,joint,0.1,150,1,0.025473800976242744,False,15,10000,1000
soft,joint,0.1,150,2,0.015865512813308058,False,15,10000,1000
soft,joint,0.1,150,3,0.025677085104581998,False,15,10000,1000
soft,joint,0.1,150,4,0.021322231400956237,False,15,10000,1000
soft,joint,0.1,150,5,0.0373020875432819,False,15,10000,1000
soft,joint,0.1,150,6,0.03302848590584051,False,15,10000,1000
soft,joint,0.1,150,7,0.018724792514993815,False,15,10000,1000
soft,joint,0.1,150,8,0.024641697564977028,False,15,10000,1000
soft,joint,0.1,150,9,0.018315465202100034,False,15,10000,1000
soft,joint,0.1,150,10,0.019930626829073983,False,15,10000,1000
soft,joint,0.1,150,11,0.033665169920575666,False,15,10000,1000
soft,joint,0.1,150,12,0.030441034594917094,False,15,10000,1000
soft,joint,0.1,150,13,0.02087383105582985,False,15,10000,1000
soft,joint,0.1,150,14,0.011424061690473053,False,15,10000,1000
soft,joint,0.1,150,15,0.01802759218763006,False,15,10000,1000
soft,joint,0.2,25,1,0.005966962126872977,False,15,10000,1000
soft,joint,0.2,25,2,0.01415522798396096,False,15,10000,1000
soft,joint,0.2,25,3,0.008987753406762167,False,15,10000,1000
soft,joint,0.2,25,4,0.017594677621666888,False,15,10000,1000
soft,joint,0.2,25,5,0.013077087256037734,False,15,10000,1000
soft,joint,0.2,25,6,0.011682553420691022,False,15,10000,1000
soft,joint,0.2,25,7,0.0077498393057422454,False,15,10000,1000
soft,joint,0.2,25,8,0.0032235616471565365,False,15,10000,1000
soft,joint,0.2,25,9,0.0071497690166864025,False,15,10000,1000
soft,joint,0.2,25,10,0.009687673226574267,False,15,10000,1000
soft,joint,0.2,25,11,0.015046439600325145,False,15,10000,1000
soft,joint,0.2,25,12,0.009520963142328531,False,15,10000,1000
soft,joint,0.2,25,13,0.014305037356481032,False,15,10000,1000
soft,joint,0.2,25,14,0.0075321197825770625,False,15,10000,1000
soft,joint,0.2,25,15,0.005545486849332537,False,15,10000,1000
soft,joint,0.2,50,1,0.004110124156685657,False,15,10000,1000
soft,joint,0.2,50,2,0.008777346498434202,False,15,10000,1000
soft,joint,0.2,50,3,0.013096281653220965,False,15,10000,1000
soft,joint,0.2,50,4,0.007949541419507877,False,15,10000,1000
soft,joint,0.2,50,5,0.009001678419390258,False,15,10000,1000
soft,joint,0.2,50,6,0.007109760972404899,False,15,10000,1000
soft,joint,0.2,50,7,0.00936088617710551,False,15,10000,1000
soft,joint,0.2,50,8,0.007826283663544098,False,15,10000,1000
soft,joint,0.2,50,9,0.007964220244066844,False,15,10000,1000
soft,joint,0.2,50,10,0.008670442571617532,False,15,10000,1000
soft,joint,0.2,50,11,0.007787457477467896,False,15,10000,1000
soft,joint,0.2,50,12,0.006089950067514449,False,15,10000,1000
soft,joint,0.2,50,13,0.010707939060859983,False,15,10000,1000
soft,joint,0.2,50,14,0.009380511299336813,False,15,10000,1000
soft,joint,0.2,50,15,0.010353066264251476,False,15,10000,1000
soft,joint,0.2,75,1,0.007676709665897619,False,15,10000,1000
soft,joint,0.2,75,2,0.0033475697972062957,False,15,10000,1000
soft,joint,0.2,75,3,0.0058052902991823085,False,15,10000,1000
soft,joint,0.2,75,4,0.00735075689402942,False,15,10000,1000
soft,joint,0.2,75,5,0.00903002122238461,False,15,10000,1000
soft,joint,0.2,75,6,0.011682072866091797,False,15,10000,1000
soft,joint,0.2,75,7,0.007388658163522077,False,15,10000,1000
soft,joint,0.2,75,8,0.005889147015874174,False,15,10000,1000
soft,joint,0.2,75,9,0.008682063435276888,False,15,10000,1000
soft,joint,0.2,75,10,0.0036530136109373945,False,15,10000,1000
soft,joint,0.2,75,11,0.007061712490739724,False,15,10000,1000
soft,joint,0.2,75,12,0.008391187227598351,False,15,10000,1000
soft,joint,0.2,75,13,0.006686969261101794,False,15,10000,1000
soft,joint,0.2,75,14,0.0038956398314626828,False,15,10000,1000
soft,joint,0.2,75,15,0.006784259895681544,False,15,10000,1000
soft,joint,0.2,100,1,0.00639185292498512,False,15,10000,1000
soft,joint,0.2,100,2,0.004461376484134361,False,15,10000,1000
soft,joint,0.2,100,3,0.004779078031556416,False,15,10000,1000
soft,joint,0.2,100,4,0.0064726745802212715,False,15,10000,1000
soft,joint,0.2,100,5,0.0059723775576203675,False,15,10000,1000
soft,joint,0.2,100,6,0.0095107007561952,False,15,10000,1000
soft,joint,0.2,100,7,0.0066559736554012705,False,15,10000,1000
soft,joint,0.2,100,8,0.004661406520797717,False,15,10000,1000
soft,joint,0.2,100,9,0.00631886831232964,False,15,10000,1000
soft,joint,0.2,100,10,0.005955120012520743,False,15,10000,1000
soft,joint,0.2,100,11,0.0025231340447340322,False,15,10000,1000
soft,joint,0.2,100,12,0.008730934492343634,False,15,10000,1000
soft,joint,0.2,100,13,0.005776698947360881,False,15,10000,1000
soft,joint,0.2,100,14,0.004725532833060653,False,15,10000,1000
soft,joint,0.2,100,15,0.004324405194069181,False,15,10000,1000
soft,joint,0.2,125,1,0.0006041210651341888,False,15,10000,1000
soft,joint,0.2,125,2,0.0013135506215906645,False,15,10000,1000
soft,joint,0.2,125,3,0.0029361105093932416,False,15,10000,1000
soft,joint,0.2,125,4,0.003355203158855291,False,15,10000,1000
soft,joint,0.2,125,5,0.004524498150694889,False,15,10000,1000
soft,joint,0.2,125,6,0.005115344507699682,False,15,10000,1000
soft,joint,0.2,125,7,0.0050236689845215565,False,15,10000,1000
soft,joint,0.2,125,8,0.006144515021649477,False,15,10000,1000
soft,joint,0.2,125,9,0.0028627809027736983,False,15,10000,1000
soft,joint,0.2,125,10,0.005394675682106609,False,15,10000,1000
soft,joint,0.2,125,11,0.003657786022738918,False,15,10000,1000
soft,joint,0.2,125,12,0.005990551688552559,False,15,10000,1000
soft,joint,0.2,125,13,0.010148080906022816,False,15,10000,1000
soft,joint,0.2,125,14,0.005696347430735882,False,15,10000,1000
soft,joint,0.2,125,15,0.005532400774586943,False,15,10000,1000
soft,joint,0.2,150,1,0.004805045949899389,False,15,10000,1000
soft,joint,0.2,150,2,0.00312236385308462,False,15,10000,1000
soft,joint,0.2,150,3,0.005219863539526637,False,15,10000,1000
soft,joint,0.2,150,4,0.002341022845909313,False,15,10000,1000
soft,joint,0.2,150,5,0.004303833612460561,False,15,10000,1000
soft,joint,0.2,150,6,0.0034209200803105855,False,15,10000,1000
soft,joint,0.2,150,7,0.0012691578150727523,False,15,10000,1000
soft,joint,0.2,150,8,0.003750167174520147,False,15,10000,1000
soft,joint,0.2,150,9,0.001742847743142928,False,15,10000,1000
soft,joint,0.2,150,10,0.0028780217092403415,False,15,10000,1000
soft,joint,0.2,150,11,0.005014982895848341,False,15,10000,1000
soft,joint,0.2,150,12,0.00527183611807569,False,15,10000,1000
soft,joint,0.2,150,13,0.004155073158969014,False,15,10000,1000
soft,joint,0.2,150,14,0.0025048484636724933,False,15,10000,1000
soft,joint,0.2,150,15,0.00426768234891739,False,15,10000,1000
soft,joint,0.3,25,1,0.0025122593141337912,False,15,10000,1000
soft,joint,0.3,25,2,0.004605837216719255,False,15,10000,1000
soft,joint,0.3,25,3,0.00512083596635482,False,15,10000,1000
soft,joint,0.3,25,4,0.007296403843381594,False,15,10000,1000
soft,joint,0.3,25,5,0.004699522213324592,False,15,10000,1000
soft,joint,0.3,25,6,0.003054270958356975,False,15,10000,1000
soft,joint,0.3,25,7,0.006174824621138386,False,15,10000,1000
soft,joint,0.3,25,8,0.0009689299160815512,False,15,10000,1000
soft,joint,0.3,25,9,0.003702738366741176,False,15,10000,1000
soft,joint,0.3,25,10,0.005643367476181771,False,15,10000,1000
soft,joint,0.3,25,11,0.005414426159932484,False,15,10000,1000
soft,joint,0.3,25,12,0.005022393704179784,False,15,10000,1000
soft,joint,0.3,25,13,0.0029339199501270397,False,15,10000,1000
soft,joint,0.3,25,14,0.00467957836123567,False,15,10000,1000
soft,joint,0.3,25,15,0.0017162009146165502,False,15,10000,1000
soft,joint,0.3,50,1,0.0002585224933346897,False,15,10000,1000
soft,joint,0.3,50,2,0.002785132406858848,False,15,10000,1000
soft,joint,0.3,50,3,0.0043870136655992376,False,15,10000,1000
soft,joint,0.3,50,4,0.00451053427212833,False,15,10000,1000
soft,joint,0.3,50,5,0.0037966767929142886,False,15,10000,1000
soft,joint,0.3,50,6,0.0050503741366161314,False,15,10000,1000
soft,joint,0.3,50,7,0.0020763344906100656,False,15,10000,1000
soft,joint,0.3,50,8,0.00253328860762303,False,15,10000,1000
soft,joint,0.3,50,9,0.003054366669310138,False,15,10000,1000
soft,joint,0.3,50,10,0.003989131620554698,False,15,10000,1000
soft,joint,0.3,50,11,0.002215371271772515,False,15,10000,1000
soft,joint,0.3,50,12,0.003223650756130958,False,15,10000,1000
soft,joint,0.3,50,13,0.0033398618254487644,False,15,10000,1000
soft,joint,0.3,50,14,0.003147266113964209,False,15,10000,1000
soft,joint,0.3,50,15,0.003326419855836704,False,15,10000,1000
soft,joint,0.3,75,1,0.004700678718462248,False,15,10000,1000
soft,joint,0.3,75,2,0.0028811201536773634,False,15,10000,1000
soft,joint,0.3,75,3,0.0018212172353671008,False,15,10000,1000
soft,joint,0.3,75,4,0.002133221113895134,False,15,10000,1000
soft,joint,0.3,75,5,0.003783391627714572,False,15,10000,1000
soft,joint,0.3,75,6,0.006155395543355313,False,15,10000,1000
soft,joint,0.3,75,7,0.004225632900890508,False,15,10000,1000
soft,joint,0.3,75,8,0.003119285988830489,False,15,10000,1000
soft,joint,0.3,75,9,0.003693740670695611,False,15,10000,1000
soft,joint,0.3,75,10,0.0013311139052045728,False,15,10000,1000
soft,joint,0.3,75,11,0.0036155666770523176,False,15,10000,1000
soft,joint,0.3,75,12,0.0018608319003772245,False,15,10000,1000
soft,joint,0.3,75,13,0.0018076204833123999,False,15,10000,1000
soft,joint,0.3,75,14,0.0015125785038963002,False,15,10000,1000
soft,joint,0.3,75,15,0.002637130617830996,False,15,10000,1000
soft,joint,0.3,100,1,0.004982537875768855,False,15,10000,1000
soft,joint,0.3,100,2,0.003715805357961788,False,15,10000,1000
soft,joint,0.3,100,3,0.0019304714931880351,False,15,10000,1000
soft,joint,0.3,100,4,0.001349483607348434,False,15,10000,1000
soft,joint,0.3,100,5,0.0020427475596382916,False,15,10000,1000
soft,joint,0.3,100,6,0.0017302800811263008,False,15,10000,1000
soft,joint,0.3,100,7,0.002680219463731648,False,15,10000,1000
soft,joint,0.3,100,8,0.001723519314981825,False,15,10000,1000
soft,joint,0.3,100,9,0.003257238330791612,False,15,10000,1000
soft,joint,0.3,100,10,0.0016451360608622512,False,15,10000,1000
soft,joint,0.3,100,11,0.0010073948937605604,False,15,10000,1000
soft,joint,0.3,100,12,0.0037992692290851338,False,15,10000,1000
soft,joint,0.3,100,13,0.0014174129764401577,False,15,10000,1000
soft,joint,0.3,100,14,0.0035240937039313636,False,15,10000,1000
soft,joint,0.3,100,15,0.004472772799098301,False,15,10000,1000
soft,joint,0.3,125,1,0.0011385500750451527,False,15,10000,1000
soft,joint,0.3,125,2,0.002100170900580123,False,15,10000,1000
soft,joint,0.3,125,3,0.001306518008824531,False,15,10000,1000
soft,joint,0.3,125,4,0.0006790770427325121,False,15,10000,1000
soft,joint,0.3,125,5,0.002613002702140932,False,15,10000,1000
soft,joint,0.3,125,6,0.0036643977978916276,False,15,10000,1000
soft,joint,0.3,125,7,0.0018422535248037164,False,15,10000,1000
soft,joint,0.3,125,8,0.002363236011130976,False,15,10000,1000
soft,joint,0.3,125,9,-0.0002784132841036069,False,15,10000,1000
soft,joint,0.3,125,10,0.0025786949214623434,False,15,10000,1000
soft,joint,0.3,125,11,0.002553971343835615,False,15,10000,1000
soft,joint,0.3,125,12,0.0033280095799019804,False,15,10000,1000
soft,joint,0.3,125,13,0.005850119245436769,False,15,10000,1000
soft,joint,0.3,125,14,0.003986184047007457,False,15,10000,1000
soft,joint,0.3,125,15,0.0030683482704647602,False,15,10000,1000
soft,joint,0.3,150,1,0.002334653031686562,False,15,10000,1000
soft,joint,0.3,150,2,0.0014114689631063992,False,15,10000,1000
soft,joint,0.3,150,3,0.0008994222355831472,False,15,10000,1000
soft,joint,0.3,150,4,0.0011684725526053263,False,15,10000,1000
soft,joint,0.3,150,5,0.002882222315612637,False,15,10000,1000
soft,joint,0.3,150,6,0.003123639647121479,False,15,10000,1000
soft,joint,0.3,150,7,0.0006809938079439526,False,15,10000,1000
soft,joint,0.3,150,8,0.002107348856350333,False,15,10000,1000
soft,joint,0.3,150,9,-0.00039820546289259795,False,15,10000,1000
soft,joint,0.3,150,10,0.0012605178371334347,False,15,10000,1000
soft,joint,0.3,150,11,0.0018235163562736467,False,15,10000,1000
soft,joint,0.3,150,12,9.227570077863234e-05,False,15,10000,1000
soft,joint,0.3,150,13,0.0030713683042340456,False,15,10000,1000
soft,joint,0.3,150,14,0.000816161329239673,False,15,10000,1000
soft,joint,0.3,150,15,0.003437016147340932,False,15,10000,1000
